Model,Accuracy,Precision,Recall,F1
Ordinal Regression,0.8166666666666667,0.8345098039215686,0.8166666666666667,0.8198935777883147
