Model,Accuracy,Precision,Recall,F1
Ordinal Regression,0.35,0.4506172839506173,0.35,0.23177723177723178
