Model,Accuracy,Precision,Recall,F1
Ordinal Regression,0.47,0.4464285714285714,0.47,0.3894009216589862
