,Jitter,Shimmer,H1H2,HNR,Q1,SpectralSlope,LowFreqEnergyRatio,HighFreqNoiseRatio,CPP
PC1,0.4773035687834628,0.31470727862789527,0.4113455882970851,-0.38072680057384506,-0.25078747625157166,0.09307470329256035,0.3501411554688132,-0.054529909103283494,-0.40230951261565406
PC2,-0.17980710437223868,-0.012683736299999138,0.30218115962435105,0.37816030334186257,0.10979840797599633,0.642907896351107,0.07529788880364698,0.5135597557641731,-0.19593420174054338
PC3,0.23615613063430368,0.223921884993414,-0.2526113867256907,-0.3010628116287651,0.5126356516043717,-0.06659699141457799,-0.4755761083244937,0.3805280072764089,-0.31848590619272116
PC4,-0.16314955142003537,0.7658935455216399,0.29826867928396056,0.17024309382678288,0.28720019913734723,0.008039969326894957,-0.10864048607454166,-0.27446752263420116,0.3148946062977937
PC5,0.09403237137746476,-0.346526273897672,0.16937977700031562,-0.12481053881662979,0.7532506112165105,0.02074328730604598,0.4577446237571423,-0.2021098648224515,0.09281686200215196
PC6,-0.48659224700270887,0.2736179813568554,-0.2850593498730615,0.0804697879482138,0.05815707531534679,-0.3637526737501868,0.5083451845084023,0.14955047717889355,-0.4291253206297785
PC7,0.18573249082794518,0.20636006894274286,-0.2882755647985373,-0.2198134441879504,-0.07356443180433464,0.07654805895300833,0.37856357472799523,0.5025379506637846,0.6199775071458205
PC8,-0.2536852270588122,0.0993977451492076,-0.4447330251365699,-0.3788754874278781,-0.016072969079847454,0.6506591407775033,0.028935995551893183,-0.39177479897017226,-0.08055651712602725
PC9,0.5594607760979028,0.1290459993311655,-0.44256754207415994,0.6152257456966936,0.057722534697598415,0.10744078186928008,0.14718481587523796,-0.2095310318818204,-0.12465948272253978
