Model,Accuracy,Precision,Recall,F1
Ordinal Regression,0.48333333333333334,0.6261423761423761,0.48333333333333334,0.4614596636866751
