Model,Accuracy,Precision,Recall,F1
Ordinal Regression,0.38333333333333336,0.4526344526344527,0.38333333333333336,0.38403131484625536
