Model,Accuracy,Precision,Recall,F1
Ordinal Regression,0.43,0.40444444444444444,0.43,0.32369230769230767
