Model,Accuracy,Precision,Recall,F1
Ordinal Regression,0.6166666666666667,0.6213804713804714,0.6166666666666667,0.6178362573099415
