Model,Accuracy,Precision,Recall,F1
Ordinal Regression,0.8333333333333334,0.8339598997493733,0.8333333333333334,0.8332812174275589
