Model,Accuracy,Precision,Recall,F1
Ordinal Regression,0.5333333333333333,0.6296296296296297,0.5333333333333333,0.5416666666666666
