Model,Accuracy,Precision,Recall,F1
Ordinal Regression,0.57,0.6728291316526611,0.57,0.5446430812408017
