Model,Accuracy,Precision,Recall,F1
Ordinal Regression,0.45,0.5012210012210012,0.45,0.4550611553941188
