Model,Accuracy,Precision,Recall,F1
Ordinal Regression,0.6333333333333333,0.7243230625583567,0.6333333333333333,0.6423838053740014
