Model,Accuracy,Precision,Recall,F1
Ordinal Regression,0.4166666666666667,0.532312925170068,0.4166666666666667,0.3648684916800859
