Model,Accuracy,Precision,Recall,F1
Ordinal Regression,0.31666666666666665,0.21637426900584794,0.31666666666666665,0.18482966309053267
