Model,Accuracy,Precision,Recall,F1
Ordinal Regression,0.5166666666666667,0.5746031746031746,0.5166666666666667,0.5301089324618737
