Model,Accuracy,Precision,Recall,F1
Ordinal Regression,0.39,0.3394736842105263,0.39,0.3220338983050848
