Model,Accuracy,Precision,Recall,F1
Ordinal Regression,0.55,0.6377233877233877,0.55,0.5526346413443187
