Model,Accuracy,Precision,Recall,F1
Ordinal Regression,0.6,0.6519480519480519,0.6,0.5863032603070554
