Model,Accuracy,Precision,Recall,F1
Ordinal Regression,0.7666666666666667,0.7666666666666667,0.7666666666666667,0.7666666666666667
