Model,Accuracy,Precision,Recall,F1
Ordinal Regression,0.6833333333333333,0.6952316689158794,0.6833333333333333,0.68137176832829
