Model,Accuracy,Precision,Recall,F1
Ordinal Regression,0.57,0.5955555555555556,0.57,0.5652258305337813
